annotation_id	ligand_id	receptor_id	source_release	target_species	original_type	original_action	action_comment	label	label_status	pair_status	selectivity	endogenous	primary_target	affinity_units	affinity_low	affinity_median	affinity_high	assay_description	receptor_site	ligand_context	pubmed_ids
gtopdb:1d7079434292624d	iuphar.ligand:91	P07550	GtoPdb 2026.3	Human	Agonist	Partial agonist			unmapped	unmapped	Not Determined	false	false	pEC50	9.100000381469727		9.699999809265137				14645666|20590599|24608857|41485077|41289653
gtopdb:3c5aec8a88ef8879	iuphar.ligand:91	P07550	GtoPdb 2026.3	Human	Agonist	Partial agonist			unmapped	unmapped	Non-selective	false	true	pKi	8.300000190734863		9.5				9131260|14730417|20590599|17804228|41485077|41289653|21870877
gtopdb:ef5b4b86e10aa973	iuphar.ligand:91	P07550	GtoPdb 2026.3	Human	Antagonist	Partial agonist			unmapped	unmapped	Not Determined	false	false	pKi	8.600000381469727		9.5				9131260|20590599|41485077|41289653|21870877
gtopdb:35f1b6358698f735	iuphar.ligand:132	P07550	GtoPdb 2026.3	Human	Agonist	Partial agonist			unmapped	unmapped	Not Determined	false	false	pKi	10.5		10.699999809265137				20590599|26385885|41485077
gtopdb:9bcdec9b65a8ccaa	iuphar.ligand:132	P07550	GtoPdb 2026.3	Human	Antagonist	Partial agonist			unmapped	unmapped	Not Determined	false	false	pKi	10.399999618530273		10.699999809265137				20590599|26385885|41485077
gtopdb:9d7482eb6d003d26	iuphar.ligand:132	P07550	GtoPdb 2026.3	Human	Agonist	Partial agonist			unmapped	unmapped	Not Determined	false	false	pEC50	9.899999618530273		10.0				20590599|26385885|41485077
gtopdb:ad83d4b0b5d91665	iuphar.ligand:479	P07550	GtoPdb 2026.3	Human	Agonist	Full agonist		0	mapped	consistent	Not Determined	true	false	pKi	5.400000095367432		6.199999809265137				2849109|9295336|9131260|14730417|20590599|25324048
gtopdb:d922001e04e807ff	iuphar.ligand:479	P07550	GtoPdb 2026.3	Human	Agonist	Full agonist		0	mapped	consistent	Not Determined	false	false	pEC50	6.800000190734863		8.399999618530273				12920204|20590599|35732075
gtopdb:13bed34a85197d4e	iuphar.ligand:505	P07550	GtoPdb 2026.3	Human	Agonist	Agonist		0	mapped	consistent	Not Determined	true	false	pKi	4.599999904632568		5.400000095367432				2849109|10531390|9131260|14730417|20590599
gtopdb:22b89342f9d11fdc	iuphar.ligand:505	P07550	GtoPdb 2026.3	Human	Agonist	Agonist		0	mapped	consistent	Not Determined	false	false	pEC50	5.400000095367432		6.400000095367432				20590599|35732075
gtopdb:1d63750cb6d33a7e	iuphar.ligand:531	P07550	GtoPdb 2026.3	Human	Agonist	Partial agonist			unmapped	unmapped	Not Determined	false	false	pKd	9.699999809265137		9.800000190734863				15655528|12237261|25324048
gtopdb:d6eb550da31a057d	iuphar.ligand:531	P07550	GtoPdb 2026.3	Human	Antagonist	Partial agonist			unmapped	unmapped	Not Determined	false	false	pKd	9.699999809265137		9.800000190734863				15655528|12237261|28400472|41485077|36351797
gtopdb:89cef11bbca45266	iuphar.ligand:532	P07550	GtoPdb 2026.3	Human	Antagonist	Partial agonist			unmapped	unmapped	Not Determined	false	false	pA2	8.899999618530273		10.0				12237261|24608857
gtopdb:de83c80e3fe7faf6	iuphar.ligand:532	P07550	GtoPdb 2026.3	Human	Agonist	Partial agonist			unmapped	unmapped	Not Determined	false	false	pKi	8.399999618530273		9.800000190734863				15655528|9131260|14730417|40887869|41485077|41289653|31624135|23131596
gtopdb:e18b1ecc518fd7fc	iuphar.ligand:532	P07550	GtoPdb 2026.3	Human	Agonist	Partial agonist			unmapped	unmapped	Not Determined	false	false	pEC50	8.300000190734863		9.699999809265137				12237261|24608857|41485077|41289653|31624135|15044629
gtopdb:f35e4aa89e52a675	iuphar.ligand:532	P07550	GtoPdb 2026.3	Human	Antagonist	Partial agonist			unmapped	unmapped	Not Determined	false	false	pKi	8.399999618530273		9.800000190734863				15655528|9131260|12237261|40887869|41485077|41289653
gtopdb:bc79531fdeeecdd7	iuphar.ligand:534	P07550	GtoPdb 2026.3	Human	Agonist	Partial agonist			unmapped	unmapped	Not Determined	false	false	pEC50	5.699999809265137		6.400000095367432				20590599|31624135
gtopdb:de3254eda81c8525	iuphar.ligand:534	P07550	GtoPdb 2026.3	Human	Agonist	Partial agonist			unmapped	unmapped	Not Determined	false	false	pKi	5.300000190734863		5.800000190734863				10531390|20590599|31624135
gtopdb:18b698b0ace642c8	iuphar.ligand:535	P07550	GtoPdb 2026.3	Human	Agonist	Partial agonist			unmapped	unmapped	Not Determined	false	false	pEC50		6.300000190734863					20590599|35732075
gtopdb:f0a1a32fb078ebe0	iuphar.ligand:535	P07550	GtoPdb 2026.3	Human	Agonist	Partial agonist			unmapped	unmapped	Not Determined	false	false	pKi	5.800000190734863		5.900000095367432				10531390|20590599
gtopdb:37b70990519026b9	iuphar.ligand:536	P07550	GtoPdb 2026.3	Human	Agonist	Agonist		0	mapped	consistent	Not Determined	false	false	pEC50	7.800000190734863		8.800000190734863				12920204|20590599|12237261|35732075|15044629
gtopdb:c2234c057238c912	iuphar.ligand:536	P07550	GtoPdb 2026.3	Human	Agonist	Agonist		0	mapped	consistent	Non-selective	false	true	pKi	6.300000190734863		7.0				8982677|10531390|9131260|14730417|20590599|12237261|23131596
gtopdb:b52ed78955e74556	iuphar.ligand:537	P07550	GtoPdb 2026.3	Human	Agonist	Partial agonist			unmapped	unmapped	Not Determined	false	false	pKi		6.400000095367432					10531390
gtopdb:cd10992f27f22b00	iuphar.ligand:537	P07550	GtoPdb 2026.3	Human	Antagonist	Partial agonist			unmapped	unmapped	Not Determined	false	false	pKi		6.400000095367432					10531390
gtopdb:9966ba85cdc9294e	iuphar.ligand:538	P07550	GtoPdb 2026.3	Human	Agonist	Partial agonist			unmapped	unmapped	Not Determined	false	false	pKi	5.800000190734863		6.099999904632568				10531390|15655528|23614528|21865315|41485077|36351797
gtopdb:e9553b735feee050	iuphar.ligand:538	P07550	GtoPdb 2026.3	Human	Agonist	Partial agonist			unmapped	unmapped	Not Determined	false	false	pEC50	6.199999809265137		6.5				23614528|41485077
gtopdb:739bc33e2cfeb5c1	iuphar.ligand:541	P07550	GtoPdb 2026.3	Human	Antagonist	Antagonist		1	mapped	consistent	Not Determined	false	false	pKi	5.400000095367432		6.099999904632568				10079020|15655528|10411574|26385885|28400472|21865315|2823947|40887869|41485077|41289653|32832874|36495629
gtopdb:f1569966cdf0589d	iuphar.ligand:541	P07550	GtoPdb 2026.3	Human	Antagonist	Antagonist		1	mapped	consistent	Not Determined	false	false	pA2	5.400000095367432		6.099999904632568				24608857|41289653|36495629
gtopdb:49310554f5f09467	iuphar.ligand:543	P07550	GtoPdb 2026.3	Human	Antagonist	Antagonist		1	mapped	consistent	Selective	false	false	pKi	9.199999809265137		9.5				12237261|26385885|28400472|21865315|2823947|40887869|41485077|41289653|32832874|36495629
gtopdb:c93cbd8f7aff4c56	iuphar.ligand:543	P07550	GtoPdb 2026.3	Human	Antagonist	Antagonist		1	mapped	consistent	Not Determined	false	false	pA2	8.800000190734863		10.0				12920204|14645666|12237261|24608857|41289653|36495629
gtopdb:404900e18b48bff1	iuphar.ligand:544	P07550	GtoPdb 2026.3	Human	Antagonist	Antagonist		1	mapped	consistent	Not Determined	false	false	pKi		5.300000190734863					10079020|28400472
gtopdb:38197c5afc8089d0	iuphar.ligand:545	P07550	GtoPdb 2026.3	Human	Antagonist	Antagonist		1	mapped	consistent	Not Determined	false	false	pKi		6.0					10079020
gtopdb:b0763a807b1b52b8	iuphar.ligand:546	P07550	GtoPdb 2026.3	Human	Antagonist	Antagonist		1	mapped	consistent		false	false	pKi		7.5					10079020
gtopdb:8f4312ba3f5b3c3a	iuphar.ligand:547	P07550	GtoPdb 2026.3	Human	Agonist	Partial agonist			unmapped	ambiguous	Not Determined	false	false	pEC50	8.100000381469727		8.399999618530273				20590599|41485077|36495629
gtopdb:e1213596286fb7e6	iuphar.ligand:547	P07550	GtoPdb 2026.3	Human	Agonist	Partial agonist			unmapped	ambiguous	Not Determined	false	false	pKi	7.199999809265137		9.300000190734863				10411574|14730417|20590599|41485077|36495629
gtopdb:ee0ee54cd1fce772	iuphar.ligand:547	P07550	GtoPdb 2026.3	Human	Antagonist	Antagonist		1	mapped	ambiguous	Not Determined	false	false	pKi	8.100000381469727		9.300000190734863				10411574|20590599|41485077|36495629
gtopdb:f0a72d65afffb2c0	iuphar.ligand:547	P07550	GtoPdb 2026.3	Human	Antagonist	Antagonist		1	mapped	ambiguous	Not Determined	false	false	pA2		8.399999618530273					36495629
gtopdb:82f20d4ef8e3ca7b	iuphar.ligand:548	P07550	GtoPdb 2026.3	Human	Antagonist	Antagonist		1	mapped	consistent	Not Determined	false	false	pA2	4.800000190734863		6.199999809265137				12920204
gtopdb:d29288e7fef341b7	iuphar.ligand:548	P07550	GtoPdb 2026.3	Human	Antagonist	Antagonist		1	mapped	consistent	Not Determined	false	false	pKi	5.099999904632568		6.0				10079020|15655528|10372227|41485077
gtopdb:ba42e1788078fa78	iuphar.ligand:549	P07550	GtoPdb 2026.3	Human	Antagonist	Antagonist		1	mapped	consistent	Not Determined	false	false	pKi	6.599999904632568		8.199999809265137				10079020|15655528|10372227|41485077|32832874|36351797
gtopdb:e0020dfeac9565ff	iuphar.ligand:550	P07550	GtoPdb 2026.3	Human	Antagonist	Antagonist		1	mapped	consistent	Non-selective	false	true	pKi	8.300000190734863		9.899999618530273				10079020|15655528|10411574|41485077
gtopdb:109583f36a130c62	iuphar.ligand:551	P07550	GtoPdb 2026.3	Human	Antagonist	Partial agonist			unmapped	unmapped	Non-selective	false	true	pKi	9.399999618530273		10.600000381469727				15655528|10411574|28400472|21865315|10372227|40887869|41485077
gtopdb:382caf48331c61b9	iuphar.ligand:551	P07550	GtoPdb 2026.3	Human	Agonist	Partial agonist			unmapped	unmapped	Not Determined	false	false	pEC50	9.100000381469727		9.399999618530273				14645666|41485077
gtopdb:432e41aac35447f0	iuphar.ligand:551	P07550	GtoPdb 2026.3	Human	Antagonist	Partial agonist			unmapped	unmapped	Not Determined	false	false	pA2		10.600000381469727					28400472
gtopdb:f624e1b84d218b34	iuphar.ligand:551	P07550	GtoPdb 2026.3	Human	Agonist	Partial agonist			unmapped	unmapped	Not Determined	false	false	pKi	9.399999618530273		10.600000381469727				15655528|10411574|28400472|10372227|40887869|41485077
gtopdb:e0e7f93856378a5e	iuphar.ligand:553	P07550	GtoPdb 2026.3	Human	Antagonist	Antagonist		1	mapped	consistent	Not Determined	false	false	pKi	6.300000190734863		6.900000095367432				10079020|15655528|10372227|41485077
gtopdb:14f0124e7d4d0b4c	iuphar.ligand:554	P07550	GtoPdb 2026.3	Human	Antagonist	Antagonist		1	mapped	consistent	Non-selective	false	true	pKi	7.0		8.5				10411574|41485077
gtopdb:47bf6e5e511df88e	iuphar.ligand:555	P07550	GtoPdb 2026.3	Human	Antagonist	Antagonist		1	mapped	consistent	Not Determined	false	false	pKi	5.0		5.199999809265137				10079020|15655528|41485077
gtopdb:0b00a9ff917c30e2	iuphar.ligand:557	P07550	GtoPdb 2026.3	Human	Agonist	Agonist		0	mapped	consistent	Not Determined	false	true	pKi	6.099999904632568		7.0				14730417|20590599|24454993|25324048|40887869
gtopdb:b50304fd4db72c87	iuphar.ligand:557	P07550	GtoPdb 2026.3	Human	Agonist	Agonist		0	mapped	consistent	Not Determined	false	false	pEC50	6.099999904632568		9.600000381469727				20590599|35732075|40887869|36495629
gtopdb:20df24f13326cd1a	iuphar.ligand:558	P07550	GtoPdb 2026.3	Human	Agonist	Partial agonist			unmapped	unmapped	Not Determined	false	false	pEC50	6.300000190734863		8.699999809265137				12920204|20590599|12237261|35732075|25324048|40887869|31624135|15044629
gtopdb:f4c7132481293d2b	iuphar.ligand:558	P07550	GtoPdb 2026.3	Human	Agonist	Partial agonist			unmapped	unmapped	Selective	false	true	pKi	5.300000190734863		6.300000190734863				10531390|15655528|14730417|20590599|22182578|35732075|25324048|40887869|31624135|23131596
gtopdb:e68537b13dc4d472	iuphar.ligand:559	P07550	GtoPdb 2026.3	Human	Agonist	Partial agonist			unmapped	unmapped	Not Determined	false	false	pEC50	8.199999809265137		10.399999618530273				20590599|35732075|25324048|16434564|40887869|31624135|15044629
gtopdb:fec8f5820351c8c3	iuphar.ligand:559	P07550	GtoPdb 2026.3	Human	Agonist	Partial agonist			unmapped	unmapped	Selective	false	true	pKi	6.800000190734863		9.600000381469727				10531390|15655528|14730417|20590599|35732075|25324048|40887869|31624135|23131596
gtopdb:7c108edf72a8622a	iuphar.ligand:560	P07550	GtoPdb 2026.3	Human	Agonist	Partial agonist			unmapped	unmapped	Not Determined	false	false	pEC50	6.599999904632568		8.300000190734863				12920204|20590599|40887869
gtopdb:ee0a849ae47a88ad	iuphar.ligand:560	P07550	GtoPdb 2026.3	Human	Agonist	Partial agonist			unmapped	unmapped	Selective	false	true	pKi	4.800000190734863		5.599999904632568				15655528|14730417|20590599|40887869
gtopdb:0d42c42622f9381b	iuphar.ligand:562	P07550	GtoPdb 2026.3	Human	Agonist	Partial agonist			unmapped	unmapped	Not Determined	false	false	pKd	10.600000381469727		11.399999618530273				8982677|10079020|10531390|21883146
gtopdb:42187fca47f33b58	iuphar.ligand:562	P07550	GtoPdb 2026.3	Human	Antagonist	Partial agonist	It is necessary to use an excess of a &beta;<sub>1</sub>-adrenoceptor-selective ligand such as CGP20712A in combination with this radioligand in order to allow visualisation of &beta;<sub>2</sub>-adrenoceptor binding in native tissues.		unmapped	unmapped	Not Determined	false	false	pKd	10.600000381469727		11.399999618530273				8982677|10079020|10531390|21883146
gtopdb:8fa326eb42eada22	iuphar.ligand:563	P07550	GtoPdb 2026.3	Human	Antagonist	Partial agonist			unmapped	unmapped	Not Determined	false	false	pKi	9.0		9.199999809265137				15655528|41485077|41289653|21870877
gtopdb:c986dc44604ee707	iuphar.ligand:563	P07550	GtoPdb 2026.3	Human	Agonist	Partial agonist			unmapped	unmapped	Not Determined	false	false	pEC50	8.5		9.699999809265137				14645666|41485077|41289653|15044629
gtopdb:d3ad4eb89f09348d	iuphar.ligand:563	P07550	GtoPdb 2026.3	Human	Antagonist	Partial agonist			unmapped	unmapped	Not Determined	false	true	pKi		9.0					15655528
gtopdb:df77a548f30eee76	iuphar.ligand:563	P07550	GtoPdb 2026.3	Human	Agonist	Partial agonist			unmapped	unmapped	Not Determined	false	false	pKd	8.800000190734863		9.5				15655528|9131260|14730417|41485077|41289653|21870877
gtopdb:2c7f28214b782ebe	iuphar.ligand:564	P07550	GtoPdb 2026.3	Human	Antagonist	Antagonist		1	mapped	consistent	Not Determined	false	false	pA2	8.699999809265137		9.600000381469727				12920204|24608857|41289653
gtopdb:e9377bdc7f3fc15f	iuphar.ligand:564	P07550	GtoPdb 2026.3	Human	Antagonist	Antagonist		1	mapped	consistent	Non-selective	false	true	pKi	9.0		9.300000190734863				10079020|15655528|10372227|40887869|41485077|32832874|21870877|7557816
gtopdb:985fd74106335fed	iuphar.ligand:565	P07550	GtoPdb 2026.3	Human	Antagonist	Antagonist		1	mapped	consistent	Not Determined	false	true	pKi	9.699999809265137		10.0				15655528|41485077|32832874
gtopdb:066a7d6ba5a3fff5	iuphar.ligand:566	P07550	GtoPdb 2026.3	Human	Allosteric modulator	Positive			unmapped	unmapped		true	false	pKi		5.3					12409304|11752207
gtopdb:46115ca595a26830	iuphar.ligand:566	P07550	GtoPdb 2026.3	Human	Allosteric modulator	Negative			unmapped	unmapped	Not Determined	true	false	pKi		3.299999952316284					12409304|11752207
gtopdb:5c6e9f8a5b42bd39	iuphar.ligand:567	P07550	GtoPdb 2026.3	Human	Agonist	Partial agonist			unmapped	unmapped	Not Determined	false	false	pKi	5.0		6.5				9131260|14730417|20590599|38332691
gtopdb:9314fc653287f5cb	iuphar.ligand:567	P07550	GtoPdb 2026.3	Human	Agonist	Partial agonist			unmapped	unmapped	Not Determined	false	false	pEC50		6.900000095367432					20590599
gtopdb:4769dad12e0eeef8	iuphar.ligand:569	P07550	GtoPdb 2026.3	Human	Agonist	Partial agonist			unmapped	unmapped	Not Determined	false	false	pKi	9.899999618530273		10.5				20590599|26385885|41485077
gtopdb:49cfa3bda2fa6c11	iuphar.ligand:569	P07550	GtoPdb 2026.3	Human	Antagonist	Partial agonist			unmapped	unmapped	Not Determined	false	false	pKi	9.899999618530273		10.5				20590599|26385885|41485077
gtopdb:ea21b226d01c46d9	iuphar.ligand:569	P07550	GtoPdb 2026.3	Human	Agonist	Partial agonist			unmapped	unmapped	Not Determined	false	false	pEC50	9.800000190734863		10.300000190734863				20590599|26385885|41485077
gtopdb:1bb5338517606e40	iuphar.ligand:570	P07550	GtoPdb 2026.3	Human	Antagonist	Antagonist		1	mapped	consistent	Non-selective	false	true	pKi		10.100000381469727					41485077|41289653
gtopdb:9c61cf113c07216a	iuphar.ligand:570	P07550	GtoPdb 2026.3	Human	Antagonist	Antagonist		1	mapped	consistent	Not Determined	false	false	pA2		10.300000190734863					41289653
gtopdb:18820345fc722dd8	iuphar.ligand:3464	P07550	GtoPdb 2026.3	Human	Agonist	Agonist		0	mapped	consistent	Not Determined	false	false	pKi	7.099999904632568		7.199999809265137				10531390|20590599
gtopdb:61d2c829d3feb259	iuphar.ligand:3464	P07550	GtoPdb 2026.3	Human	Agonist	Agonist		0	mapped	consistent	Selective	false	true	pEC50		8.399999618530273					20590599
gtopdb:941ed340e6f2e47f	iuphar.ligand:3465	P07550	GtoPdb 2026.3	Human	Agonist	Agonist		0	mapped	consistent	Selective	false	true	pEC50	8.600000381469727		10.180000305175781				20590599|15324892|25324048|16434564|40887869
gtopdb:9ea1673d2b8e3e30	iuphar.ligand:3465	P07550	GtoPdb 2026.3	Human	Agonist	Agonist		0	mapped	consistent	Not Determined	false	false	pKi	5.599999904632568		8.600000381469727				10531390|14730417|20590599|40887869
gtopdb:167299af1e03fbc2	iuphar.ligand:3466	P07550	GtoPdb 2026.3	Human	Agonist	Agonist		0	mapped	consistent	Not Determined	false	false	pKi		8.0					20590599
gtopdb:b21252a30cc176c7	iuphar.ligand:3466	P07550	GtoPdb 2026.3	Human	Agonist	Agonist		0	mapped	consistent	Selective	false	false	pEC50		9.5					20590599
gtopdb:3eb6f2cc7286eb5d	iuphar.ligand:3931	P07550	GtoPdb 2026.3	Human	Agonist	Partial agonist			unmapped	unmapped	Not Determined	false	false	pKi		6.800000190734863					20590599
gtopdb:5df3188ae1ebae13	iuphar.ligand:3931	P07550	GtoPdb 2026.3	Human	Agonist	Partial agonist			unmapped	unmapped	Not Determined	false	false	pEC50		7.099999904632568					20590599
gtopdb:1870a854a8cf0734	iuphar.ligand:3932	P07550	GtoPdb 2026.3	Human	Antagonist	Partial agonist			unmapped	unmapped	Not Determined	false	false	pKi	6.5		7.099999904632568				15655528|10411574|36495629
gtopdb:38df4577ff56b378	iuphar.ligand:3932	P07550	GtoPdb 2026.3	Human	Agonist	Partial agonist			unmapped	unmapped	Not Determined	false	false	pKi	6.5		7.099999904632568				10411574|20590599|36495629
gtopdb:dcc44ce8474d4756	iuphar.ligand:3932	P07550	GtoPdb 2026.3	Human	Antagonist	Partial agonist			unmapped	unmapped	Not Determined	false	false	pA2		7.099999904632568					36495629
gtopdb:eab7a1a02f2cc07d	iuphar.ligand:3932	P07550	GtoPdb 2026.3	Human	Agonist	Partial agonist			unmapped	unmapped	Not Determined	false	false	pEC50	5.0		6.400000095367432				20590599|36495629
gtopdb:2c35c8c425c14f01	iuphar.ligand:5388	P07550	GtoPdb 2026.3	Human	Antagonist	Antagonist		1	mapped	consistent	Not Determined	false	false	pKd		10.100000381469727					21883146
gtopdb:f64897e1ee448c29	iuphar.ligand:5571	P07550	GtoPdb 2026.3	Human	Agonist	Partial agonist			unmapped	unmapped	Not Determined	false	false	pKi	5.800000190734863		6.199999809265137				9117106|11907156
gtopdb:7fbe70f6e0677cdd	iuphar.ligand:7107	P07550	GtoPdb 2026.3	Human	Agonist	Partial agonist			unmapped	unmapped	Not Determined	false	false	pEC50	6.0		6.5				14645666|41485077
gtopdb:87e65c7dbcbea707	iuphar.ligand:7107	P07550	GtoPdb 2026.3	Human	Agonist	Partial agonist			unmapped	unmapped	Not Determined	false	false	pKi	5.699999809265137		6.099999904632568				15655528|21865315|41485077
gtopdb:9ceac4d01ba942fb	iuphar.ligand:7107	P07550	GtoPdb 2026.3	Human	Antagonist	Partial agonist			unmapped	unmapped	Not Determined	false	false	pKi	5.699999809265137		6.099999904632568				15655528|21865315|41485077
gtopdb:5ce75ad76b86e687	iuphar.ligand:7129	P07550	GtoPdb 2026.3	Human	Antagonist	Antagonist		1	mapped	consistent	Not Determined	false	false	pA2	6.800000190734863		6.900000095367432				28400472|24608857
gtopdb:73d06560e198d5e1	iuphar.ligand:7129	P07550	GtoPdb 2026.3	Human	Antagonist	Antagonist		1	mapped	consistent	Not Determined	false	false	pKi	6.300000190734863		6.5				28400472|21865315|10372227|35762357|41485077|36351797
gtopdb:37c87a9d6eef5a3b	iuphar.ligand:7142	P07550	GtoPdb 2026.3	Human	Antagonist	Antagonist		1	mapped	consistent	Not Determined	false	false	pA2		9.899999618530273					41289653
gtopdb:8d133e4ea4f578b8	iuphar.ligand:7142	P07550	GtoPdb 2026.3	Human	Antagonist	Antagonist		1	mapped	consistent	Not Determined	false	false	pKi	9.699999809265137		9.800000190734863				41485077|41289653
gtopdb:4e1d5fa6cff6d92e	iuphar.ligand:7178	P07550	GtoPdb 2026.3	Human	Antagonist	Antagonist		1	mapped	consistent	Not Determined	false	false	pKi	5.199999809265137		5.699999809265137				27451411|32832874|36351797
gtopdb:1892941f5b7066c6	iuphar.ligand:7207	P07550	GtoPdb 2026.3	Human	Antagonist	Antagonist		1	mapped	ambiguous	Non-selective	false	true	pKi	8.0		8.300000190734863				15655528|21865315|41485077
gtopdb:80dcba62baa88856	iuphar.ligand:7207	P07550	GtoPdb 2026.3	Human	Agonist	Partial agonist			unmapped	ambiguous	Not Determined	false	false	pEC50	8.100000381469727		8.899999618530273				14645666|41485077|15044629
gtopdb:ed245631585e0252	iuphar.ligand:7207	P07550	GtoPdb 2026.3	Human	Agonist	Partial agonist			unmapped	ambiguous	Not Determined	false	false	pKi	8.0		8.300000190734863				15655528|21865315|41485077
gtopdb:8fd317e32c2c0e85	iuphar.ligand:7246	P07550	GtoPdb 2026.3	Human	Antagonist	Partial agonist			unmapped	ambiguous	Not Determined	false	false	pKi	6.900000095367432		7.900000095367432	Radioligand binding			20590599|21865315|36351797
gtopdb:bf77f28fb56add13	iuphar.ligand:7246	P07550	GtoPdb 2026.3	Human	Antagonist	Antagonist		1	mapped	ambiguous	Not Determined	false	false	pA2		7.900000095367432					28400472
gtopdb:3e543ae9c0b277fd	iuphar.ligand:7255	P07550	GtoPdb 2026.3	Human	Agonist	Partial agonist			unmapped	unmapped	Not Determined	false	false	pEC50	9.100000381469727		9.600000381469727				9131260|20590599|41485077|41289653
gtopdb:60561506ad159357	iuphar.ligand:7255	P07550	GtoPdb 2026.3	Human	Antagonist	Partial agonist			unmapped	unmapped	Not Determined	false	false	pKi	9.0		9.399999618530273				41485077|41289653
gtopdb:e34323fca0876b0b	iuphar.ligand:7255	P07550	GtoPdb 2026.3	Human	Agonist	Partial agonist			unmapped	unmapped	Not Determined	false	false	pKi	8.800000190734863		9.399999618530273				9131260|20590599|41485077|41289653
gtopdb:320c1608b2e28331	iuphar.ligand:7297	P07550	GtoPdb 2026.3	Human	Antagonist	Antagonist		1	mapped	consistent	Non-selective	false	true	pKi	6.699999809265137		6.900000095367432				15655528|41485077
gtopdb:16c42f11fefefdb9	iuphar.ligand:7353	P07550	GtoPdb 2026.3	Human	Agonist	Agonist		0	mapped	consistent	Not Determined	false	false	pKi	9.0		9.399999618530273				40887869|23131596
gtopdb:dbc3500f64fa2240	iuphar.ligand:7353	P07550	GtoPdb 2026.3	Human	Agonist	Agonist		0	mapped	consistent	Selective	false	true	pEC50	9.399999618530273		10.300000190734863				20462258|40887869
gtopdb:fc1853b05bbab282	iuphar.ligand:7445	P07550	GtoPdb 2026.3	Human	Agonist	Agonist		0	mapped	consistent	Not Determined	false	false	pEC50	5.0		6.199999809265137				17293563|32813332|37656760
gtopdb:20e399a40ec3e30f	iuphar.ligand:7455	P07550	GtoPdb 2026.3	Human	Agonist	Agonist		0	mapped	consistent	Not Determined	false	true	pKi	7.400000095367432		7.900000095367432				22932315|16434564|40887869|23131596
gtopdb:678dfa598931d578	iuphar.ligand:7455	P07550	GtoPdb 2026.3	Human	Agonist	Agonist		0	mapped	consistent	Not Determined	false	false	pEC50	8.100000381469727		9.300000190734863				16434564|40887869
gtopdb:1c0389663f2317ec	iuphar.ligand:7543	P07550	GtoPdb 2026.3	Human	Agonist	Agonist		0	mapped	consistent	Selective	false	true	pEC50	9.399999618530273		10.0				20371707|40887869
gtopdb:94ccd765be8334d9	iuphar.ligand:7543	P07550	GtoPdb 2026.3	Human	Agonist	Agonist		0	mapped	consistent	Not Determined	false	false	pKi		8.699999809265137					40887869
gtopdb:c178061b16deb95f	iuphar.ligand:9512	P07550	GtoPdb 2026.3	Human	Agonist	Agonist		0	mapped	consistent	Not Determined	false	false	pEC50	5.0		5.900000095367432				16640337|37656760
gtopdb:f46bf25573f573d3	iuphar.ligand:10100	P07550	GtoPdb 2026.3	Human	Agonist	Agonist		0	mapped	consistent	Not Determined	false	false	pEC50		5.0					37656760
gtopdb:075ba625941cf2c4	iuphar.ligand:10455	P07550	GtoPdb 2026.3	Human	Agonist	Partial agonist			unmapped	unmapped	Selective	false	false	pKi	6.699999809265137		6.900000095367432	Inhibitory constant determined from a standard radioligand displacement assay using human &beta;2-adrenoceptors expressed in Sf-9 cells and [<sup>3</sup>H]CGP1217 as tracer.			20590599|19245211
gtopdb:2f5e0cbd301f6335	iuphar.ligand:10455	P07550	GtoPdb 2026.3	Human	Agonist	Partial agonist			unmapped	unmapped	Not Determined	false	false	pEC50	7.599999904632568		7.800000190734863				20590599|35732075
gtopdb:29ec4b717b690cb0	iuphar.ligand:12065	P07550	GtoPdb 2026.3	Human	Agonist	Partial agonist			unmapped	unmapped	Not Determined	false	false	pEC50		10.0		Determined in an intracellular cAMP accumulation assay in CHO-K1 cells expressing h&beta;2-AR			19875286
gtopdb:e908ef84005459a2	iuphar.ligand:12579	P07550	GtoPdb 2026.3	Human	Antagonist	Antagonist		1	mapped	consistent	Not Determined	false	false	pKi		5.099999904632568					28400472
gtopdb:ab25cb425309c362	iuphar.ligand:12580	P07550	GtoPdb 2026.3	Human	Antagonist	Antagonist		1	mapped	consistent	Not Determined	false	false	pKi	5.300000190734863		5.599999904632568				28400472|41485077
gtopdb:3c546a413d51fe6d	iuphar.ligand:12581	P07550	GtoPdb 2026.3	Human	Agonist	Partial agonist			unmapped	unmapped	Not Determined	false	false	pEC50	7.199999809265137		7.300000190734863				23614528|41485077
gtopdb:e4c2d5dfb188e5d5	iuphar.ligand:12581	P07550	GtoPdb 2026.3	Human	Agonist	Partial agonist			unmapped	unmapped	Not Determined	false	false	pKi	6.800000190734863		7.099999904632568				15655528|23614528|41485077|36351797
gtopdb:07731223afd6f0ff	iuphar.ligand:12582	P07550	GtoPdb 2026.3	Human	Agonist	Agonist		0	mapped	consistent	Selective	false	false	pEC50		9.199999809265137					20590599
gtopdb:c4f7d06ab8b1998a	iuphar.ligand:12582	P07550	GtoPdb 2026.3	Human	Agonist	Agonist		0	mapped	consistent	Not Determined	false	false	pKi	7.199999809265137		7.900000095367432				9131260|20590599|19245211|25324048
gtopdb:bd6d885c2f76e5ea	iuphar.ligand:13191	P07550	GtoPdb 2026.3	Human	Antagonist	Antagonist		1	mapped	consistent	Not Determined	false	false	pKi		10.399999618530273					26385885
gtopdb:29cce00ad2f99aa1	iuphar.ligand:13192	P07550	GtoPdb 2026.3	Human	Antagonist	Antagonist		1	mapped	consistent	Not Determined	false	false	pKi	4.699999809265137		5.0				27451411|41485077
gtopdb:1394f0331ad82d8e	iuphar.ligand:13193	P07550	GtoPdb 2026.3	Human	Antagonist	Partial agonist			unmapped	unmapped	Not Determined	false	false	pKi	10.0		10.199999809265137				20590599|21865315|41485077|41289653
gtopdb:c73a4b767173801a	iuphar.ligand:13193	P07550	GtoPdb 2026.3	Human	Agonist	Partial agonist			unmapped	unmapped	Not Determined	false	false	pEC50	9.399999618530273		9.800000190734863				20590599|41485077|41289653
gtopdb:ec7027374fa1fee2	iuphar.ligand:13193	P07550	GtoPdb 2026.3	Human	Agonist	Partial agonist			unmapped	unmapped	Not Determined	false	false	pKi	10.0		10.300000190734863				9131260|20590599|21865315|41485077|41289653
gtopdb:02a3bfcb58c09e43	iuphar.ligand:13195	P07550	GtoPdb 2026.3	Human	Allosteric modulator	Positive	cooperativity		unmapped	unmapped	Not Determined	false	false	-							34580163
gtopdb:c909c8340b2469db	iuphar.ligand:14691	P07550	GtoPdb 2026.3	Human	Antagonist	Partial agonist			unmapped	unmapped	Not Determined	false	false	pKi		7.199999809265137					41485077
