ligand_id	receptor_id	label	class_name	selected	selection_rank	selection_note	name	approved	smiles	inchikey	connectivity_key	pubchem_cid	chembl_id	original_terms	pubmed_ids	n_annotations
iuphar.ligand:479	P07550	0	agonist	true	1		(-)-adrenaline	true	CNC[C@@H](c1ccc(c(c1)O)O)O	UCTWMZQNUQWSLP-VIFPVBQESA-N	UCTWMZQNUQWSLP	5816	CHEMBL679	Agonist / Full agonist	2849109|9131260|9295336|12920204|14730417|20590599|25324048|35732075	2
iuphar.ligand:505	P07550	0	agonist	true	2		(-)-noradrenaline	true	NC[C@@H](c1ccc(c(c1)O)O)O	SFLSHLFXELFNJZ-QMMMGPOBSA-N	SFLSHLFXELFNJZ	439260	CHEMBL1437	Agonist / Agonist	2849109|9131260|10531390|14730417|20590599|35732075	2
iuphar.ligand:536	P07550	0	agonist	true	3		isoprenaline	true	CC(NCC(c1ccc(c(c1)O)O)O)C	JWZZKOKVBUJMES-UHFFFAOYSA-N	JWZZKOKVBUJMES	3779	CHEMBL434	Agonist / Agonist	8982677|9131260|10531390|12237261|12920204|14730417|15044629|20590599|23131596|35732075	2
iuphar.ligand:557	P07550	0	agonist	true	4		fenoterol	true	CC(Cc1ccc(cc1)O)NCC(c1cc(O)cc(c1)O)O	LSLYOANBFKQKPT-UHFFFAOYSA-N	LSLYOANBFKQKPT	3343	CHEMBL32800	Agonist / Agonist	14730417|20590599|24454993|25324048|35732075|36495629|40887869	2
iuphar.ligand:3464	P07550	0	agonist	true	5		procaterol	true	CCC(C(c1ccc(c2c1ccc(=O)[nH]2)O)O)NC(C)C	FKNXQNWAXFXVNW-UHFFFAOYSA-N	FKNXQNWAXFXVNW	4916	CHEMBL160519	Agonist / Agonist	10531390|20590599	2
iuphar.ligand:3465	P07550	0	agonist	true	6		formoterol	true	O=CNc1cc(ccc1O)C(CNC(Cc1ccc(cc1)OC)C)O	BPZSYCZIITTYBL-UHFFFAOYSA-N	BPZSYCZIITTYBL	3410	CHEMBL1256786	Agonist / Agonist	10531390|14730417|15324892|16434564|20590599|25324048|40887869	2
iuphar.ligand:7353	P07550	0	agonist	true	7		vilanterol	true	OCc1cc(ccc1O)[C@H](CNCCCCCCOCCOCc1c(Cl)cccc1Cl)O	DAFYYTQWSAWIGS-DEOSSOPVSA-N	DAFYYTQWSAWIGS	10184665	CHEMBL1198857	Agonist / Agonist	20462258|23131596|40887869	2
iuphar.ligand:7445	P07550	0	agonist	true	8		mirabegron	true	O=C(Cc1csc(n1)N)Nc1ccc(cc1)CCNC[C@@H](c1ccccc1)O	PBAPPPCECJKMCM-IBGZPJMESA-N	PBAPPPCECJKMCM	9865528	CHEMBL2095212	Agonist / Agonist	17293563|32813332|37656760	1
iuphar.ligand:7455	P07550	0	agonist	true	9		indacaterol	true	CCc1cc2CC(Cc2cc1CC)NC[C@@H](c1ccc(c2c1ccc(=O)[nH]2)O)O	QZZUEBNBZAPZLX-QFIPXVFZSA-N	QZZUEBNBZAPZLX	6918554	CHEMBL1095777	Agonist / Agonist	16434564|22932315|23131596|40887869	2
iuphar.ligand:7543	P07550	0	agonist	true	10		olodaterol	true	COc1ccc(cc1)CC(NC[C@@H](c1cc(O)cc2c1OCC(=O)N2)O)(C)C	COUYJEVMBVSIHV-SFHVURJKSA-N	COUYJEVMBVSIHV	11504295	CHEMBL605846	Agonist / Agonist	20371707|40887869	2
iuphar.ligand:10100	P07550	0	agonist	true	11		vibegron	true	O=C([C@@H]1CCc2n1c(=O)ccn2)Nc1ccc(cc1)C[C@@H]1CC[C@@H](N1)[C@@H](c1ccccc1)O	DJXRIQMCROIRCZ-XOEOCAAJSA-N	DJXRIQMCROIRCZ	44472635	CHEMBL2107826	Agonist / Agonist	37656760	1
iuphar.ligand:3466	P07550	0	agonist	true	12		zinterol	false	OC(c1ccc(c(c1)NS(=O)(=O)C)O)CNC(Cc1ccccc1)(C)C	XJBCFFLVLOPYBV-UHFFFAOYSA-N	XJBCFFLVLOPYBV	37990	CHEMBL1243407	Agonist / Agonist	20590599	2
iuphar.ligand:9512	P07550	0	agonist	true	13		solabegron	false	Clc1cccc(c1)[C@H](CNCCNc1cccc(c1)c1cccc(c1)C(=O)O)O	LLDXOPKUNJTIRF-QFIPXVFZSA-N	LLDXOPKUNJTIRF	9887812	CHEMBL208427	Agonist / Agonist	16640337|37656760	1
iuphar.ligand:12582	P07550	0	agonist	true	14		clenbuterol	false	CC(C)(C)NCC(C1=CC(=C(C(=C1)Cl)N)Cl)O	STJMRWALKKWQGH-UHFFFAOYSA-N	STJMRWALKKWQGH	2783	CHEMBL49080	Agonist / Agonist	9131260|19245211|20590599|25324048	2
iuphar.ligand:548	P07550	1	antagonist	true	1		atenolol	true	OC(COc1ccc(cc1)CC(=O)N)CNC(C)C	METKIMKYRPQLGS-UHFFFAOYSA-N	METKIMKYRPQLGS	2249	CHEMBL24	Antagonist / Antagonist	10079020|10372227|12920204|15655528|41485077	2
iuphar.ligand:549	P07550	1	antagonist	true	2		betaxolol	true	OC(COc1ccc(cc1)CCOCC1CC1)CNC(C)C	NWIUTZDMDHAVTP-UHFFFAOYSA-N	NWIUTZDMDHAVTP	2369	CHEMBL423	Antagonist / Antagonist	10079020|10372227|15655528|32832874|36351797|41485077	1
iuphar.ligand:550	P07550	1	antagonist	true	3		bupranolol	true	OC(COc1cc(C)ccc1Cl)CNC(C)(C)C	HQIRNZOQPUAHHV-UHFFFAOYSA-N	HQIRNZOQPUAHHV	2475	CHEMBL305380	Antagonist / Antagonist	10079020|10411574|15655528|41485077	1
iuphar.ligand:553	P07550	1	antagonist	true	4		metoprolol	true	COCCc1ccc(cc1)OCC(CNC(C)C)O	IUBSYMUCCVWXPE-UHFFFAOYSA-N	IUBSYMUCCVWXPE	4171	CHEMBL13	Antagonist / Antagonist	10079020|10372227|15655528|41485077	1
iuphar.ligand:554	P07550	1	antagonist	true	5		nadolol	true	OC(COc1cccc2c1C[C@H](O)[C@@H](C2)O)CNC(C)(C)C	VWPOSFSPZNDTMJ-UCWKZMIHSA-N	VWPOSFSPZNDTMJ	39147	CHEMBL649	Antagonist / Antagonist	10411574|41485077	1
iuphar.ligand:555	P07550	1	antagonist	true	6		practolol	true	OC(COc1ccc(cc1)NC(=O)C)CNC(C)C	DURULFYMVIFBIR-UHFFFAOYSA-N	DURULFYMVIFBIR	4883	CHEMBL6995	Antagonist / Antagonist	10079020|15655528|41485077	1
iuphar.ligand:564	P07550	1	antagonist	true	7		propranolol	true	OC(COc1cccc2c1cccc2)CNC(C)C	AQHHHDLHHXJYJD-UHFFFAOYSA-N	AQHHHDLHHXJYJD	4946	CHEMBL27	Antagonist / Antagonist	7557816|10079020|10372227|12920204|15655528|21870877|24608857|32832874|40887869|41289653|41485077	2
iuphar.ligand:565	P07550	1	antagonist	true	8		timolol	true	O[C@H](COc1nsnc1N1CCOCC1)CNC(C)(C)C	BLJRIMJGRPQVNF-JTQLQIEISA-N	BLJRIMJGRPQVNF	33624	CHEMBL499	Antagonist / Antagonist	15655528|32832874|41485077	1
iuphar.ligand:570	P07550	1	antagonist	true	9		bunolol	true	CC(C)(C)NCC(COC1=CC=CC2=C1CCCC2=O)O	IXHBTMCLRNMKHZ-UHFFFAOYSA-N	IXHBTMCLRNMKHZ	3914	CHEMBL293030	Antagonist / Antagonist	41289653|41485077	2
iuphar.ligand:7129	P07550	1	antagonist	true	10		bisoprolol	true	OC(COc1ccc(cc1)COCCOC(C)C)CNC(C)C	VHYCDWMUTMEGQY-UHFFFAOYSA-N	VHYCDWMUTMEGQY	2405	CHEMBL645	Antagonist / Antagonist	10372227|21865315|24608857|28400472|35762357|36351797|41485077	2
iuphar.ligand:7142	P07550	1	antagonist	true	11		carteolol	true	OC(COc1cccc2c1CCC(=N2)O)CNC(C)(C)C	LWAFSWPYPHEXKX-UHFFFAOYSA-N	LWAFSWPYPHEXKX	2583	CHEMBL839	Antagonist / Antagonist	41289653|41485077	2
iuphar.ligand:7178	P07550	1	antagonist	true	12		esmolol	true	COC(=O)CCc1ccc(cc1)OCC(CNC(C)C)O	AQNDDEOPVVGCPG-UHFFFAOYSA-N	AQNDDEOPVVGCPG	59768	CHEMBL768	Antagonist / Antagonist	27451411|32832874|36351797	1
iuphar.ligand:7297	P07550	1	antagonist	true	13		sotalol	true	CC(NCC(c1ccc(cc1)NS(=O)(=O)C)O)C	ZBMZVLHSJCTVON-UHFFFAOYSA-N	ZBMZVLHSJCTVON	5253	CHEMBL471	Antagonist / Antagonist	15655528|41485077	1
iuphar.ligand:13192	P07550	1	antagonist	true	14		landiolol	true	CC1(OC[C@H](O1)COC(=O)CCC2=CC=C(C=C2)OC[C@H](CNCCNC(=O)N3CCOCC3)O)C	WMDSZGFJQKSLLH-RBBKRZOGSA-N	WMDSZGFJQKSLLH	114905	CHEMBL1742466	Antagonist / Antagonist	27451411|41485077	1
iuphar.ligand:541	P07550	1	antagonist	true	15		CGP20712A	false	OC(COc1ccc(cc1)c1nc(cn1C)C(F)(F)F)CNCCOc1ccc(c(c1)C(=O)N)O	GKJZEKSHCJELPL-UHFFFAOYSA-N	GKJZEKSHCJELPL	2685	CHEMBL280822	Antagonist / Antagonist	2823947|10079020|10411574|15655528|21865315|24608857|26385885|28400472|32832874|36495629|40887869|41289653|41485077	2
iuphar.ligand:543	P07550	1	antagonist	false		class limit of 15 reached	ICI118551	false	Cc1c2CCCc2c(cc1)OC[C@H]([C@H](C)NC(C)C)O	VFIDUCMKNJIJTO-XJKSGUPXSA-N	VFIDUCMKNJIJTO	5311179	CHEMBL1233766	Antagonist / Antagonist	2823947|12237261|12920204|14645666|21865315|24608857|26385885|28400472|32832874|36495629|40887869|41289653|41485077	2
iuphar.ligand:544	P07550	1	antagonist	false		class limit of 15 reached	LK 204-545	false	N#Cc1cc(OCCOCC2CC2)ccc1OCC(CNCCNC(=O)Nc1ccc(cc1)O)O	VAWYRUMIUGPAEX-UHFFFAOYSA-N	VAWYRUMIUGPAEX	5311116	CHEMBL207802	Antagonist / Antagonist	10079020|28400472	1
iuphar.ligand:545	P07550	1	antagonist	false		class limit of 15 reached	NIHP	false	OCCCc1ccc(cc1)OCC(CNC(C)C)O	RUZBBQNQBDCLPE-UHFFFAOYSA-N	RUZBBQNQBDCLPE	10587912		Antagonist / Antagonist	10079020	1
iuphar.ligand:546	P07550	1	antagonist	false		class limit of 15 reached	NIP	false	OC(COc1ccccc1)CNC(C)C	ONXLHKFGTDDVLQ-UHFFFAOYSA-N	ONXLHKFGTDDVLQ	3123920	CHEMBL7154	Antagonist / Antagonist	10079020	1
iuphar.ligand:12579	P07550	1	antagonist	false		class limit of 15 reached	NDD-713	false	NC(=O)C1=CC=C(OCCNC[C@H](O)COC2=CC3=C(O[C@H](COCC4CC4)CO3)C=C2)C=C1	KRTJSYMPULAVBC-SIKLNZKXSA-N	KRTJSYMPULAVBC	60151587		Antagonist / Antagonist	28400472	1
iuphar.ligand:12580	P07550	1	antagonist	false		class limit of 15 reached	NDD-825	false	O[C@@H](CNCCOC1=CC=C2C(=O)NCC2=C1)COC3=CC4=C(O[C@H](COCC5CC5)CO4)C=C3	CMOIARKZHIAPIY-SIKLNZKXSA-N	CMOIARKZHIAPIY	60150890		Antagonist / Antagonist	28400472|41485077	1
iuphar.ligand:13191	P07550	1	antagonist	false		class limit of 15 reached	7-methylcyanopindolol	false	C(C)(C)(C)NC[C@@H](COC1=C2C=C(NC2=C(C=C1)C)C#N)O	NDCOGBYMSDLXAU-ZDUSSCGKSA-N	NDCOGBYMSDLXAU	91885640		Antagonist / Antagonist	26385885	1
