ligand_id	gtopdb_ligand_id	name	ligand_type	approved	withdrawn	labelled	radioactive	smiles	inchikey	connectivity_key	pubchem_cid	pubchem_inchikey	chembl_id	identity_status
iuphar.ligand:91	91	pindolol	Synthetic organic	true	false	false	false	OC(COc1cccc2c1cc[nH]2)CNC(C)C	JZQKKSLKJUAGIC-UHFFFAOYSA-N	JZQKKSLKJUAGIC	4828	JZQKKSLKJUAGIC-UHFFFAOYSA-N	CHEMBL500	verified
iuphar.ligand:132	132	cyanopindolol	Synthetic organic	false	false	false	false	N#Cc1[nH]c2c(c1)c(OCC(CNC(C)(C)C)O)ccc2	QXIUMMLTJVHILT-UHFFFAOYSA-N	QXIUMMLTJVHILT	155346	QXIUMMLTJVHILT-UHFFFAOYSA-N	CHEMBL378501	verified
iuphar.ligand:479	479	(-)-adrenaline	Metabolite	true	false	false	false	CNC[C@@H](c1ccc(c(c1)O)O)O	UCTWMZQNUQWSLP-VIFPVBQESA-N	UCTWMZQNUQWSLP	5816	UCTWMZQNUQWSLP-VIFPVBQESA-N	CHEMBL679	verified
iuphar.ligand:505	505	(-)-noradrenaline	Metabolite	true	false	false	false	NC[C@@H](c1ccc(c(c1)O)O)O	SFLSHLFXELFNJZ-QMMMGPOBSA-N	SFLSHLFXELFNJZ	439260	SFLSHLFXELFNJZ-QMMMGPOBSA-N	CHEMBL1437	verified
iuphar.ligand:531	531	[3H](-)CGP12177	Synthetic organic	false	false	true	true	O[C@H](COc1cccc2c1[nH]c(=O)[nH]2)CNC(C)(C)C	UMQUQWCJKFOUGV-VIFPVBQESA-N	UMQUQWCJKFOUGV	6603756	UMQUQWCJKFOUGV-VIFPVBQESA-N	CHEMBL36060	verified
iuphar.ligand:532	532	CGP12177	Synthetic organic	false	false	false	false	OC(COc1cccc2c1[nH]c(=O)[nH]2)CNC(C)(C)C	UMQUQWCJKFOUGV-UHFFFAOYSA-N	UMQUQWCJKFOUGV	2687	UMQUQWCJKFOUGV-UHFFFAOYSA-N	CHEMBL420746	verified
iuphar.ligand:534	534	denopamine	Synthetic organic	false	false	false	false	COc1cc(CCNC[C@@H](c2ccc(cc2)O)O)ccc1OC	VHSBBVZJABQOSG-INIZCTEOSA-N	VHSBBVZJABQOSG	5311064	VHSBBVZJABQOSG-INIZCTEOSA-N	CHEMBL493682	verified
iuphar.ligand:535	535	dobutamine	Synthetic organic	true	false	false	false	CC(CCc1ccc(cc1)O)NCCc1ccc(c(c1)O)O	JRWZLRBJNMZMFE-UHFFFAOYSA-N	JRWZLRBJNMZMFE	36811	JRWZLRBJNMZMFE-UHFFFAOYSA-N	CHEMBL926	verified
iuphar.ligand:536	536	isoprenaline	Synthetic organic	true	false	false	false	CC(NCC(c1ccc(c(c1)O)O)O)C	JWZZKOKVBUJMES-UHFFFAOYSA-N	JWZZKOKVBUJMES	3779	JWZZKOKVBUJMES-UHFFFAOYSA-N	CHEMBL434	verified
iuphar.ligand:537	537	prenalterol	Synthetic organic	false	false	false	false	O[C@H](COc1ccc(cc1)O)CNC(C)C	ADUKCCWBEDSMEB-NSHDSACASA-N	ADUKCCWBEDSMEB	42396	ADUKCCWBEDSMEB-NSHDSACASA-N	CHEMBL1160714	verified
iuphar.ligand:538	538	xamoterol	Synthetic organic	false	false	false	false	OC(COc1ccc(cc1)O)CNCCNC(=O)N1CCOCC1	DXPOSRCHIDYWHW-UHFFFAOYSA-N	DXPOSRCHIDYWHW	155774	DXPOSRCHIDYWHW-UHFFFAOYSA-N	CHEMBL75753	verified
iuphar.ligand:541	541	CGP20712A	Synthetic organic	false	false	false	false	OC(COc1ccc(cc1)c1nc(cn1C)C(F)(F)F)CNCCOc1ccc(c(c1)C(=O)N)O	GKJZEKSHCJELPL-UHFFFAOYSA-N	GKJZEKSHCJELPL	2685	GKJZEKSHCJELPL-UHFFFAOYSA-N	CHEMBL280822	verified
iuphar.ligand:543	543	ICI118551	Synthetic organic	false	false	false	false	Cc1c2CCCc2c(cc1)OC[C@H]([C@H](C)NC(C)C)O	VFIDUCMKNJIJTO-XJKSGUPXSA-N	VFIDUCMKNJIJTO	5311179	VFIDUCMKNJIJTO-XJKSGUPXSA-N	CHEMBL1233766	verified
iuphar.ligand:544	544	LK 204-545	Synthetic organic	false	false	false	false	N#Cc1cc(OCCOCC2CC2)ccc1OCC(CNCCNC(=O)Nc1ccc(cc1)O)O	VAWYRUMIUGPAEX-UHFFFAOYSA-N	VAWYRUMIUGPAEX	5311116	VAWYRUMIUGPAEX-UHFFFAOYSA-N	CHEMBL207802	verified
iuphar.ligand:545	545	NIHP	Synthetic organic	false	false	false	false	OCCCc1ccc(cc1)OCC(CNC(C)C)O	RUZBBQNQBDCLPE-UHFFFAOYSA-N	RUZBBQNQBDCLPE	10587912	RUZBBQNQBDCLPE-UHFFFAOYSA-N		verified
iuphar.ligand:546	546	NIP	Synthetic organic	false	false	false	false	OC(COc1ccccc1)CNC(C)C	ONXLHKFGTDDVLQ-UHFFFAOYSA-N	ONXLHKFGTDDVLQ	3123920	ONXLHKFGTDDVLQ-UHFFFAOYSA-N	CHEMBL7154	verified
iuphar.ligand:547	547	SR59230A	Synthetic organic	false	false	false	false	CCc1ccccc1OC[C@H](CN[C@H]1CCCc2c1cccc2)O	VFDHMSXXELYMRW-ICSRJNTNSA-N	VFDHMSXXELYMRW	5311452	VFDHMSXXELYMRW-ICSRJNTNSA-N	CHEMBL1326499	verified
iuphar.ligand:548	548	atenolol	Synthetic organic	true	false	false	false	OC(COc1ccc(cc1)CC(=O)N)CNC(C)C	METKIMKYRPQLGS-UHFFFAOYSA-N	METKIMKYRPQLGS	2249	METKIMKYRPQLGS-UHFFFAOYSA-N	CHEMBL24	verified
iuphar.ligand:549	549	betaxolol	Synthetic organic	true	false	false	false	OC(COc1ccc(cc1)CCOCC1CC1)CNC(C)C	NWIUTZDMDHAVTP-UHFFFAOYSA-N	NWIUTZDMDHAVTP	2369	NWIUTZDMDHAVTP-UHFFFAOYSA-N	CHEMBL423	verified
iuphar.ligand:550	550	bupranolol	Synthetic organic	true	false	false	false	OC(COc1cc(C)ccc1Cl)CNC(C)(C)C	HQIRNZOQPUAHHV-UHFFFAOYSA-N	HQIRNZOQPUAHHV	2475	HQIRNZOQPUAHHV-UHFFFAOYSA-N	CHEMBL305380	verified
iuphar.ligand:551	551	carvedilol	Synthetic organic	true	false	false	false	COc1ccccc1OCCNCC(COc1cccc2c1c1ccccc1[nH]2)O	OGHNVEJMJSYVRP-UHFFFAOYSA-N	OGHNVEJMJSYVRP	2585	OGHNVEJMJSYVRP-UHFFFAOYSA-N	CHEMBL723	verified
iuphar.ligand:553	553	metoprolol	Synthetic organic	true	false	false	false	COCCc1ccc(cc1)OCC(CNC(C)C)O	IUBSYMUCCVWXPE-UHFFFAOYSA-N	IUBSYMUCCVWXPE	4171	IUBSYMUCCVWXPE-UHFFFAOYSA-N	CHEMBL13	verified
iuphar.ligand:554	554	nadolol	Synthetic organic	true	false	false	false	OC(COc1cccc2c1C[C@H](O)[C@@H](C2)O)CNC(C)(C)C	VWPOSFSPZNDTMJ-UCWKZMIHSA-N	VWPOSFSPZNDTMJ	39147	VWPOSFSPZNDTMJ-UCWKZMIHSA-N	CHEMBL649	verified
iuphar.ligand:555	555	practolol	Synthetic organic	true	false	false	false	OC(COc1ccc(cc1)NC(=O)C)CNC(C)C	DURULFYMVIFBIR-UHFFFAOYSA-N	DURULFYMVIFBIR	4883	DURULFYMVIFBIR-UHFFFAOYSA-N	CHEMBL6995	verified
iuphar.ligand:557	557	fenoterol	Synthetic organic	true	false	false	false	CC(Cc1ccc(cc1)O)NCC(c1cc(O)cc(c1)O)O	LSLYOANBFKQKPT-UHFFFAOYSA-N	LSLYOANBFKQKPT	3343	LSLYOANBFKQKPT-UHFFFAOYSA-N	CHEMBL32800	verified
iuphar.ligand:558	558	salbutamol	Synthetic organic	true	false	false	false	OCc1cc(ccc1O)C(CNC(C)(C)C)O	NDAUXUAQIAJITI-UHFFFAOYSA-N	NDAUXUAQIAJITI	2083	NDAUXUAQIAJITI-UHFFFAOYSA-N	CHEMBL714	verified
iuphar.ligand:559	559	salmeterol	Synthetic organic	true	false	false	false	OCc1cc(ccc1O)C(CNCCCCCCOCCCCc1ccccc1)O	GIIZNNXWQWCKIB-UHFFFAOYSA-N	GIIZNNXWQWCKIB	5152	GIIZNNXWQWCKIB-UHFFFAOYSA-N	CHEMBL1263	verified
iuphar.ligand:560	560	terbutaline	Synthetic organic	true	false	false	false	OC(c1cc(O)cc(c1)O)CNC(C)(C)C	XWTYSIMOBUGWOL-UHFFFAOYSA-N	XWTYSIMOBUGWOL	5403	XWTYSIMOBUGWOL-UHFFFAOYSA-N	CHEMBL1760	verified
iuphar.ligand:562	562	[125I]ICYP	Synthetic organic	false	false	true	true	OC(COc1cccc2c1c([125I])c([nH]2)C#N)CNC(C)C	WGSPBWSPJOBKNT-RFLHHMENSA-N	WGSPBWSPJOBKNT	73754996	WGSPBWSPJOBKNT-RFLHHMENSA-N		verified
iuphar.ligand:563	563	alprenolol	Synthetic organic	true	false	false	false	C=CCc1ccccc1OCC(CNC(C)C)O	PAZJSJFMUHDSTF-UHFFFAOYSA-N	PAZJSJFMUHDSTF	2119	PAZJSJFMUHDSTF-UHFFFAOYSA-N	CHEMBL266195	verified
iuphar.ligand:564	564	propranolol	Synthetic organic	true	false	false	false	OC(COc1cccc2c1cccc2)CNC(C)C	AQHHHDLHHXJYJD-UHFFFAOYSA-N	AQHHHDLHHXJYJD	4946	AQHHHDLHHXJYJD-UHFFFAOYSA-N	CHEMBL27	verified
iuphar.ligand:565	565	timolol	Synthetic organic	true	false	false	false	O[C@H](COc1nsnc1N1CCOCC1)CNC(C)(C)C	BLJRIMJGRPQVNF-JTQLQIEISA-N	BLJRIMJGRPQVNF	33624	BLJRIMJGRPQVNF-JTQLQIEISA-N	CHEMBL499	verified
iuphar.ligand:566	566	Zn2+	Inorganic	false	false	false	false				32051	PTFCDOFLOPIGGS-UHFFFAOYSA-N		missing_structure
iuphar.ligand:567	567	BRL37344	Synthetic organic	false	false	false	false	C[C@H](Cc1ccc(cc1)OCC(=O)O)NC[C@@H](c1cccc(c1)Cl)O	ZGGNJJJYUVRADP-ACJLOTCBSA-N	ZGGNJJJYUVRADP	9841972	ZGGNJJJYUVRADP-ACJLOTCBSA-N	CHEMBL284782	verified
iuphar.ligand:569	569	carazolol	Synthetic organic	true	false	false	false	OC(COc1cccc2c1c1ccccc1[nH]2)CNC(C)C	BQXQGZPYHWWCEB-UHFFFAOYSA-N	BQXQGZPYHWWCEB	71739	BQXQGZPYHWWCEB-UHFFFAOYSA-N	CHEMBL324665	verified
iuphar.ligand:570	570	bunolol	Synthetic organic	true	false	false	false	CC(C)(C)NCC(COC1=CC=CC2=C1CCCC2=O)O	IXHBTMCLRNMKHZ-UHFFFAOYSA-N	IXHBTMCLRNMKHZ	3914	IXHBTMCLRNMKHZ-UHFFFAOYSA-N	CHEMBL293030	verified
iuphar.ligand:3464	3464	procaterol	Synthetic organic	true	false	false	false	CCC(C(c1ccc(c2c1ccc(=O)[nH]2)O)O)NC(C)C	FKNXQNWAXFXVNW-UHFFFAOYSA-N	FKNXQNWAXFXVNW	4916	FKNXQNWAXFXVNW-UHFFFAOYSA-N	CHEMBL160519	verified
iuphar.ligand:3465	3465	formoterol	Synthetic organic	true	false	false	false	O=CNc1cc(ccc1O)C(CNC(Cc1ccc(cc1)OC)C)O	BPZSYCZIITTYBL-UHFFFAOYSA-N	BPZSYCZIITTYBL	3410	BPZSYCZIITTYBL-UHFFFAOYSA-N	CHEMBL1256786	verified
iuphar.ligand:3466	3466	zinterol	Synthetic organic	false	false	false	false	OC(c1ccc(c(c1)NS(=O)(=O)C)O)CNC(Cc1ccccc1)(C)C	XJBCFFLVLOPYBV-UHFFFAOYSA-N	XJBCFFLVLOPYBV	37990	XJBCFFLVLOPYBV-UHFFFAOYSA-N	CHEMBL1243407	verified
iuphar.ligand:3931	3931	L755507	Synthetic organic	false	false	false	false	CCCCCCNC(=O)Nc1ccc(cc1)S(=O)(=O)Nc1ccc(cc1)CCNC[C@@H](COc1ccc(cc1)O)O	NYYJKMXNVNFOFQ-MHZLTWQESA-N	NYYJKMXNVNFOFQ	9829836	NYYJKMXNVNFOFQ-MHZLTWQESA-N	CHEMBL12998	verified
iuphar.ligand:3932	3932	L748337	Synthetic organic	false	false	false	false	O[C@H](COc1cccc(c1)CNC(=O)C)CNCCc1ccc(cc1)NS(=O)(=O)c1ccccc1	AWIONHVPTYTSHZ-DEOSSOPVSA-N	AWIONHVPTYTSHZ	10028830	AWIONHVPTYTSHZ-DEOSSOPVSA-N		verified
iuphar.ligand:5388	5388	[3H]dihydroalprenolol	Synthetic organic	false	false	true	true	CCCc1ccccc1OCC(CNC(C)C)O	JVHCMYZFGCOCTD-UHFFFAOYSA-N	JVHCMYZFGCOCTD	43216	JVHCMYZFGCOCTD-UHFFFAOYSA-N	CHEMBL1159723	verified
iuphar.ligand:5571	5571	(-)-Ro 363	Synthetic organic	false	false	false	false	COc1cc(CCNCC(COc2ccc(c(c2)O)O)O)ccc1OC	RFNBEBPVKCJZPV-UHFFFAOYSA-N	RFNBEBPVKCJZPV	156297	RFNBEBPVKCJZPV-UHFFFAOYSA-N		verified
iuphar.ligand:7107	7107	acebutolol	Synthetic organic	true	false	false	false	CCCC(=Nc1ccc(c(c1)C(=O)C)OCC(CNC(C)C)O)O	GOEMGAFJFRBGGG-UHFFFAOYSA-N	GOEMGAFJFRBGGG	1978	GOEMGAFJFRBGGG-UHFFFAOYSA-N	CHEMBL642	verified
iuphar.ligand:7129	7129	bisoprolol	Synthetic organic	true	false	false	false	OC(COc1ccc(cc1)COCCOC(C)C)CNC(C)C	VHYCDWMUTMEGQY-UHFFFAOYSA-N	VHYCDWMUTMEGQY	2405	VHYCDWMUTMEGQY-UHFFFAOYSA-N	CHEMBL645	verified
iuphar.ligand:7142	7142	carteolol	Synthetic organic	true	false	false	false	OC(COc1cccc2c1CCC(=N2)O)CNC(C)(C)C	LWAFSWPYPHEXKX-UHFFFAOYSA-N	LWAFSWPYPHEXKX	2583	LWAFSWPYPHEXKX-UHFFFAOYSA-N	CHEMBL839	verified
iuphar.ligand:7178	7178	esmolol	Synthetic organic	true	false	false	false	COC(=O)CCc1ccc(cc1)OCC(CNC(C)C)O	AQNDDEOPVVGCPG-UHFFFAOYSA-N	AQNDDEOPVVGCPG	59768	AQNDDEOPVVGCPG-UHFFFAOYSA-N	CHEMBL768	verified
iuphar.ligand:7207	7207	labetalol	Synthetic organic	true	false	false	false	CC(CCc1ccccc1)NCC(c1ccc(c(c1)C(=N)O)O)O	SGUAFYQXFOLMHL-UHFFFAOYSA-N	SGUAFYQXFOLMHL	3869	SGUAFYQXFOLMHL-UHFFFAOYSA-N	CHEMBL429	verified
iuphar.ligand:7246	7246	nebivolol	Synthetic organic	true	false	false	false	OC(C1CCc2c(O1)ccc(c2)F)CNCC(C1CCc2c(O1)ccc(c2)F)O	KOHIRBRYDXPAMZ-UHFFFAOYSA-N	KOHIRBRYDXPAMZ	71301	KOHIRBRYDXPAMZ-UHFFFAOYSA-N	CHEMBL434394	verified
iuphar.ligand:7255	7255	oxprenolol	Synthetic organic	true	false	false	false	C=CCOc1ccccc1OCC(CNC(C)C)O	CEMAWMOMDPGJMB-UHFFFAOYSA-N	CEMAWMOMDPGJMB	4631	CEMAWMOMDPGJMB-UHFFFAOYSA-N	CHEMBL546	verified
iuphar.ligand:7297	7297	sotalol	Synthetic organic	true	false	false	false	CC(NCC(c1ccc(cc1)NS(=O)(=O)C)O)C	ZBMZVLHSJCTVON-UHFFFAOYSA-N	ZBMZVLHSJCTVON	5253	ZBMZVLHSJCTVON-UHFFFAOYSA-N	CHEMBL471	verified
iuphar.ligand:7353	7353	vilanterol	Synthetic organic	true	false	false	false	OCc1cc(ccc1O)[C@H](CNCCCCCCOCCOCc1c(Cl)cccc1Cl)O	DAFYYTQWSAWIGS-DEOSSOPVSA-N	DAFYYTQWSAWIGS	10184665	DAFYYTQWSAWIGS-DEOSSOPVSA-N	CHEMBL1198857	verified
iuphar.ligand:7445	7445	mirabegron	Synthetic organic	true	false	false	false	O=C(Cc1csc(n1)N)Nc1ccc(cc1)CCNC[C@@H](c1ccccc1)O	PBAPPPCECJKMCM-IBGZPJMESA-N	PBAPPPCECJKMCM	9865528	PBAPPPCECJKMCM-IBGZPJMESA-N	CHEMBL2095212	verified
iuphar.ligand:7455	7455	indacaterol	Synthetic organic	true	false	false	false	CCc1cc2CC(Cc2cc1CC)NC[C@@H](c1ccc(c2c1ccc(=O)[nH]2)O)O	QZZUEBNBZAPZLX-QFIPXVFZSA-N	QZZUEBNBZAPZLX	6918554	QZZUEBNBZAPZLX-QFIPXVFZSA-N	CHEMBL1095777	verified
iuphar.ligand:7543	7543	olodaterol	Synthetic organic	true	false	false	false	COc1ccc(cc1)CC(NC[C@@H](c1cc(O)cc2c1OCC(=O)N2)O)(C)C	COUYJEVMBVSIHV-SFHVURJKSA-N	COUYJEVMBVSIHV	11504295	COUYJEVMBVSIHV-SFHVURJKSA-N	CHEMBL605846	verified
iuphar.ligand:9512	9512	solabegron	Synthetic organic	false	false	false	false	Clc1cccc(c1)[C@H](CNCCNc1cccc(c1)c1cccc(c1)C(=O)O)O	LLDXOPKUNJTIRF-QFIPXVFZSA-N	LLDXOPKUNJTIRF	9887812	LLDXOPKUNJTIRF-QFIPXVFZSA-N	CHEMBL208427	verified
iuphar.ligand:10100	10100	vibegron	Synthetic organic	true	false	false	false	O=C([C@@H]1CCc2n1c(=O)ccn2)Nc1ccc(cc1)C[C@@H]1CC[C@@H](N1)[C@@H](c1ccccc1)O	DJXRIQMCROIRCZ-XOEOCAAJSA-N	DJXRIQMCROIRCZ	44472635	DJXRIQMCROIRCZ-XOEOCAAJSA-N	CHEMBL2107826	verified
iuphar.ligand:10455	10455	ractopamine	Synthetic organic	false	false	false	false	CC(NCC(c1ccc(cc1)O)O)CCc1ccc(cc1)O	YJQZYXCXBBCEAQ-UHFFFAOYSA-N	YJQZYXCXBBCEAQ	56052	YJQZYXCXBBCEAQ-UHFFFAOYSA-N	CHEMBL509336	verified
iuphar.ligand:12065	12065	BI-167107	Synthetic organic	false	false	false	false	Cc1ccccc1CC(C)(C)NCC(c1c2c(c(cc1)O)NC(=O)CO2)O	NWQXBEWHTDRJIP-UHFFFAOYSA-N	NWQXBEWHTDRJIP	45483813	NWQXBEWHTDRJIP-UHFFFAOYSA-N	CHEMBL579394	verified
iuphar.ligand:12579	12579	NDD-713	Synthetic organic	false	false	false	false	NC(=O)C1=CC=C(OCCNC[C@H](O)COC2=CC3=C(O[C@H](COCC4CC4)CO3)C=C2)C=C1	KRTJSYMPULAVBC-SIKLNZKXSA-N	KRTJSYMPULAVBC	60151587	KRTJSYMPULAVBC-SIKLNZKXSA-N		verified
iuphar.ligand:12580	12580	NDD-825	Synthetic organic	false	false	false	false	O[C@@H](CNCCOC1=CC=C2C(=O)NCC2=C1)COC3=CC4=C(O[C@H](COCC5CC5)CO4)C=C3	CMOIARKZHIAPIY-SIKLNZKXSA-N	CMOIARKZHIAPIY	60150890	CMOIARKZHIAPIY-SIKLNZKXSA-N		verified
iuphar.ligand:12581	12581	ICI89406	Synthetic organic	false	false	false	false	C1=CC=C(C=C1)NC(=O)NCCNCC(COC2=CC=CC=C2C#N)O	HTLWRKRZKFAAAH-UHFFFAOYSA-N	HTLWRKRZKFAAAH	123686	HTLWRKRZKFAAAH-UHFFFAOYSA-N	CHEMBL11268	verified
iuphar.ligand:12582	12582	clenbuterol	Synthetic organic	false	false	false	false	CC(C)(C)NCC(C1=CC(=C(C(=C1)Cl)N)Cl)O	STJMRWALKKWQGH-UHFFFAOYSA-N	STJMRWALKKWQGH	2783	STJMRWALKKWQGH-UHFFFAOYSA-N	CHEMBL49080	verified
iuphar.ligand:13191	13191	7-methylcyanopindolol	Synthetic organic	false	false	false	false	C(C)(C)(C)NC[C@@H](COC1=C2C=C(NC2=C(C=C1)C)C#N)O	NDCOGBYMSDLXAU-ZDUSSCGKSA-N	NDCOGBYMSDLXAU	91885640	NDCOGBYMSDLXAU-ZDUSSCGKSA-N		verified
iuphar.ligand:13192	13192	landiolol	Synthetic organic	true	false	false	false	CC1(OC[C@H](O1)COC(=O)CCC2=CC=C(C=C2)OC[C@H](CNCCNC(=O)N3CCOCC3)O)C	WMDSZGFJQKSLLH-RBBKRZOGSA-N	WMDSZGFJQKSLLH	114905	WMDSZGFJQKSLLH-RBBKRZOGSA-N	CHEMBL1742466	verified
iuphar.ligand:13193	13193	bucindolol	Synthetic organic	false	false	false	false	CC(C)(CC1=CNC2=CC=CC=C21)NCC(COC3=CC=CC=C3C#N)O	FBMYKMYQHCBIGU-UHFFFAOYSA-N	FBMYKMYQHCBIGU	51045	FBMYKMYQHCBIGU-UHFFFAOYSA-N	CHEMBL321582	verified
iuphar.ligand:13195	13195	compound 6 [PMID: 29769246]	Synthetic organic	false	false	false	false	NC(C[C@@H](CC1=CC=C(C=C1)C(C)(C)C)NC(C2=C(C=CC(=C2)S(N(C)C(C)C)(=O)=O)SC3=CC=C(C=C3)OC)=O)=O	XBWGFMNXTKZHDW-XMMPIXPASA-N	XBWGFMNXTKZHDW	139368780	XBWGFMNXTKZHDW-XMMPIXPASA-N	CHEMBL4858076	verified
iuphar.ligand:14691	14691	bevantolol	Synthetic organic	false	false	false	false	CC1=CC(=CC=C1)OCC(CNCCC2=CC(=C(C=C2)OC)OC)O	HXLAFSUPPDYFEO-UHFFFAOYSA-N	HXLAFSUPPDYFEO	2372	HXLAFSUPPDYFEO-UHFFFAOYSA-N	CHEMBL314010	verified
